1,Udell Caddell,ucaddell0@wunderground.com,(549) 9408399,dJ7{~u<ZDM
2,Dionne Monnery,dmonnery1@businessweek.com,(505) 9680020,fU3%B6}NT
3,Eliot Speed,espeed2@nationalgeographic.com,(308) 6511172,rE0`No)RELgyK6c5
4,Sonnie Pochin,spochin3@virginia.edu,(337) 5094910,"dC0?""Jd4|S9&BNX"
5,Isac Rosensaft,irosensaft4@list-manage.com,(597) 3873333,bJ7@_4<&
6,Sherill D'Arrigo,sdarrigo5@delicious.com,(603) 4126157,"fK2,TZ1|y<*"
7,Wilfred Bagniuk,wbagniuk6@seattletimes.com,(549) 8540719,kB2=w/TPt<y4I
8,Brittan Lamperd,blamperd7@ifeng.com,(335) 9109175,xH2\F!{q8d@p
9,Aurilia Alkin,aalkin8@yahoo.co.jp,(792) 2878432,qK4.ws7E.
10,Letta Colbertson,lcolbertson9@google.cn,(153) 2571011,oJ7/eK6f9SHM
