1,Garry Schruur,"Sonyachnyi Lane, 1, 2",gschruur0@fda.gov,(737) 2322577,uX0*qBIfnwi{,2024-12-04,
2,Rozanne Burkert,"Horikhuvatskyi Shlyakh Street, 1, 6",rburkert1@people.com.cn,(877) 6000084,dL6LdtZ2xq,2024-05-14,
3,Maye Pitkeathly,"Vyshneva Street, 1, 11",mpitkeathly2@edublogs.org,(645) 8664643,eA7x$m6QbpB`,2024-11-26,
4,Lusa Marikhin,"Horikhuvatskyi Shlyakh Street, 3, 2",lmarikhin3@ibm.com,(547) 5407765,"dZ5,1Gr,=+JobCV<",2023-12-30,
5,Valeria Houlahan,"Vyshneva Street, 1, 14",vhoulahan4@mozilla.com,(400) 1308083,"iW9xz<1W""",2024-01-15,
6,Craggie Rocks,"Vyshneva Street, 1, 2",crocks5@feedburner.com,(861) 6979213,dO554sQ}AtNsif,2024-11-01,
7,Darnall Meins,"Vyshneva Street, 1, 13",dmeins6@sciencedaily.com,(957) 8989113,vH5?rAvdMsjl,2024-02-17,
8,Pammi Hasker,"Sonyachnyi Lane, 1, 3",phasker7@fastcompany.com,(826) 5473385,cA5LH!pu,2024-11-22,
9,Locke Liddall,"Sonyachnyi Lane, 1, 1",lliddall8@ovh.net,(149) 5233945,cA4EDPgM<oW9dy,2024-03-17,
10,Issi Durbin,"Vyshneva Street, 2, 5",idurbin9@irs.gov,(943) 1790007,oT06A/)Vqm*.W`S,2024-04-15,2
11,Trumann Dixcee,"Horikhuvatskyi Shlyakh Street, 1, 9",tdixceea@japanpost.jp,(137) 2817642,pZ2or?`|KGiZ_2l,2024-03-01,3
12,Milo Jacobson,"Horikhuvatskyi Shlyakh Street, 2, 10",mjacobsonb@a8.net,(160) 9745474,pD7<H|9i,2024-03-23,1
13,Stesha Tidcombe,"Vyshneva Street, 2, 9",stidcombec@dailymotion.com,(705) 3938534,qP10=>'`@_6o8MLF,2023-12-24,1
14,Ado Bernhart,"Sonyachnyi Lane, 2, 4",abernhartd@tumblr.com,(374) 4720709,xZ8nP_6KLh@#{)6l,2024-10-12,3
15,Evin Lympany,"Horikhuvatskyi Shlyakh Street, 1, 10",elympanye@usnews.com,(780) 7889701,sI8_CVYE,2024-01-18,
16,Francesco Donisi,"Horikhuvatskyi Shlyakh Street, 2, 9",fdonisif@ibm.com,(346) 1362403,"yT99|G$""",2024-06-08,
17,Eulalie Negro,"Horikhuvatskyi Shlyakh Street, 1, 7",enegrog@icio.us,(802) 6817092,xB7<uXnL*dpt,2024-01-27,1
18,Michail Hewkin,"Vyshneva Street, 1, 1",mhewkinh@prlog.org,(483) 7867354,"kM1e,s""HW",2024-07-14,
19,Karalynn Petherick,"Vyshneva Street, 2, 3",kpethericki@miitbeian.gov.cn,(294) 8313486,aA1?N2y1AZ,2024-10-11,
20,Betsey Kunzler,"Horikhuvatskyi Shlyakh Street, 1, 5",bkunzlerj@wordpress.org,(832) 2076063,rC8EnH)'b,2024-04-23,
21,Brandie Carnie,"Horikhuvatskyi Shlyakh Street, 1, 1",bcarniek@chronoengine.com,(647) 7121287,wR8{'@kl(,2024-06-17,4
22,Roderich Lenney,"Horikhuvatskyi Shlyakh Street, 1, 4",rlenneyl@friendfeed.com,(949) 3636205,fL09tgbe,2024-04-20,
23,Hoyt Earle,"Vyshneva Street, 2, 8",hearlem@pbs.org,(407) 7866763,pN3A0*JAi/y&k,2024-11-19,1
24,Elsy Fellows,"Sonyachnyi Lane, 2, 2",efellowsn@ibm.com,(584) 3486987,cW3U7l7l?,2024-01-21,
25,Dennet Issett,"Vyshneva Street, 1, 3",dissetto@networkadvertising.org,(803) 7903323,kQ2?uzqk)TegE,2024-01-20,
26,Adan Bowmer,"Vyshneva Street, 1, 4",abowmerp@jalbum.net,(208) 9117370,"uN9*'iIm""#L",2024-04-02,3
27,Inesita Gallemore,"Vyshneva Street, 2, 4",igallemoreq@wiley.com,(461) 6852034,uZ3XaW/_,2024-03-28,3
28,Bill Marzellano,"Horikhuvatskyi Shlyakh Street, 3, 8",bmarzellanor@jigsy.com,(868) 9900778,sZ5a?i=lRj/QQv,2024-10-17,
29,Scott Fancett,"Horikhuvatskyi Shlyakh Street, 3, 9",sfancetts@linkedin.com,(663) 8398526,"aG92,EetU%kjU",2024-04-07,
30,Flossi Normanvill,"Vyshneva Street, 1, 12",fnormanvillt@reference.com,(735) 8561079,"pQ0n)Lm\gjT""",2024-04-22,
31,Guglielmo Goodered,"Horikhuvatskyi Shlyakh Street, 3, 1",ggooderedu@unesco.org,(473) 2952896,hA0b@vj/E40i=,2024-09-04,
32,Carie Linsey,"Vyshneva Street, 2, 2",clinseyv@bbc.co.uk,(124) 9648012,dH8rAK+%a2E{8$Y,2024-11-11,
33,Heddi Giuroni,"Sonyachnyi Lane, 2, 5",hgiuroniw@uol.com.br,(367) 4633096,iT92\PVG,2024-01-31,
34,Desdemona Iacovacci,"Vyshneva Street, 2, 7",diacovaccix@pbs.org,(932) 3675519,sA4kusC>zAIgPB=P,2024-02-12,
35,Pippa Weir,"Sonyachnyi Lane, 1, 4",pweiry@ebay.co.uk,(350) 1662666,uM5LK_Cf)7XT*/8Y,2024-10-17,
36,Rufus Marsland,"Vyshneva Street, 1, 7",rmarslandz@chronoengine.com,(850) 8271591,sK7U0aMgzL`E,2024-05-04,
37,Raquel Bonick,"Horikhuvatskyi Shlyakh Street, 3, 7",rbonick10@soundcloud.com,(957) 6136371,aP788xmY3%rl{k}P,2024-09-25,1
38,Joelie Blinco,"Horikhuvatskyi Shlyakh Street, 3, 4",jblinco11@globo.com,(204) 9526252,gY3?5DlXO,2024-07-11,2
39,Dwight McCullough,"Horikhuvatskyi Shlyakh Street, 3, 3",dmccullough12@wufoo.com,(138) 4311791,"wF1OEf""|VYQjW#",2024-02-19,
40,Hunfredo Opdenort,"Horikhuvatskyi Shlyakh Street, 1, 8",hopdenort13@zimbio.com,(788) 3879896,qM6DTr3A7`w>d),2024-03-07,
41,Whitaker Lars,"Vyshneva Street, 1, 9",wlars14@skype.com,(989) 7395434,"jK93""#rS9%<6Hpk",2024-12-05,1
42,Bunni Clementson,"Vyshneva Street, 1, 8",bclementson15@statcounter.com,(632) 7000974,aA7+=_4?6=~,2024-11-28,
43,Yettie Haversum,"Vyshneva Street, 1, 5",yhaversum16@qq.com,(203) 5433735,pT7h#ObwFI,2024-07-24,
44,Hashim Tames,"Vyshneva Street, 1, 6",htames17@icio.us,(785) 5527622,zX1|xDUTf,2024-01-19,2
45,Rabi Lindwasser,"Sonyachnyi Lane, 1, 5",rlindwasser18@umich.edu,(792) 3275348,eM5mL'3VEGue\C,2024-07-18,
46,Theressa Alishoner,"Vyshneva Street, 2, 1",talishoner19@sfgate.com,(623) 6099627,"lO8""8kHV<032pNPc",2024-06-28,4
47,Sheelagh Nunes Nabarro,"Sonyachnyi Lane, 2, 3",snunes1a@ebay.co.uk,(290) 1067793,zQ3f7Y@xG\c+Q,2024-09-16,
48,Debor Joerning,"Horikhuvatskyi Shlyakh Street, 3, 5",djoerning1b@huffingtonpost.com,(514) 1516554,"pA5SW"".lPTrq!",2023-12-22,
49,Taffy Medlen,"Horikhuvatskyi Shlyakh Street, 3, 10",tmedlen1c@omniture.com,(574) 7030352,tY2(!Cfdtp)1_Oo,2024-06-25,1
50,Lisbeth Petow,"Vyshneva Street, 1, 15",lpetow1d@nytimes.com,(269) 9043738,rM3VY*5JhtN8pHjq,2024-10-08,4
51,Virgie Pardon,"Horikhuvatskyi Shlyakh Street, 1, 2",vpardon1e@dion.ne.jp,(582) 5955856,hJ6(9.'q?`,2024-07-22,
52,Terry Elstob,"Vyshneva Street, 1, 10",telstob1f@ed.gov,(766) 2191258,vI2_'AwLj??U,2024-02-18,
53,Durand Jovey,"Horikhuvatskyi Shlyakh Street, 1, 3",djovey1g@hugedomains.com,(554) 6186424,"wO9zA0P""s",2024-04-14,
54,Ilyse Keig,"Horikhuvatskyi Shlyakh Street, 3, 6",ikeig1h@weather.com,(620) 8793731,"vJ3,eEnR~",2024-07-08,
55,Iolande Bolsover,"Vyshneva Street, 2, 6",ibolsover1i@yellowpages.com,(137) 8305633,qF8QO)a5,2024-03-10,
56,Vera Brentnall,"Sonyachnyi Lane, 2, 1",vbrentnall1j@usgs.gov,(721) 4375545,"mU9Ubh#h""",2024-10-31,
