1,We will send our masters to solve the problem,2024-02-26,4,4
2,We will send our masters to solve the problem,2024-06-22,9,6
3,We will send our masters to solve the problem,2024-07-15,1,8
4,We will send our masters to solve the problem,2024-11-11,2,9
5,We will send our masters to solve the problem,2024-07-12,5,14
6,We will send our masters to solve the problem,2024-07-18,2,19
7,We will send our masters to solve the problem,2024-01-19,1,20
8,We will send our masters to solve the problem,2024-06-20,5,27
9,We will send our masters to solve the problem,2024-01-12,5,30
10,We will send our masters to solve the problem,2024-12-11,9,33
11,We will send our masters to solve the problem,2024-12-06,9,44
12,We will send our masters to solve the problem,2024-10-18,1,49
13,We will send our masters to solve the problem,2024-06-23,7,51
14,We will send our masters to solve the problem,2024-04-26,2,52
15,We will send our masters to solve the problem,2024-02-07,3,53
